run,profile,scale,variant,order,case_id,pair,label,cwe,lang,kind,split,decision,blocked,exit_code,wall_s,cpu_s,max_rss_mb,t_semgrep,t_gitleaks,t_syft,t_trivy,n_findings,n_blocking,n_issues,failed_tools,blocking_rules,t_syft_base
1,realistic,0,adaptive,0,S03-good,S03,good,CWE-1395,python,sca,main,PASS,0,0,10.572,9.99,255.1,7.013,0.739,1.679,0.095,0,0,0,,,
1,realistic,0,baseline,0,S03-good,S03,good,CWE-1395,python,sca,main,BLOCK,1,1,12.418,12.3,243.0,9.366,0.595,1.522,0.088,6,6,3,,CVE-2026-27205;CVE-2026-42198;CVE-2026-54291;directly-returned-format-string;raw-html-format,
1,realistic,0,baseline,1,S01-bad,S01,bad,CWE-1395,python,sca,main,BLOCK,1,1,11.202,11.39,244.9,8.203,0.649,1.443,0.097,7,7,4,,CVE-2020-14343;CVE-2026-27205;CVE-2026-42198;CVE-2026-54291;directly-returned-format-string;raw-html-format,
1,realistic,0,adaptive,1,S01-bad,S01,bad,CWE-1395,python,sca,main,BLOCK,1,1,9.836,9.63,256.4,7.12,0.549,1.279,0.089,1,1,1,,CVE-2020-14343,
1,realistic,0,adaptive,2,P01-good,P01,good,CWE-89,python,sast,main,PASS,0,0,8.405,8.17,251.2,7.088,0.537,0.0,0.0,0,0,0,,,
1,realistic,0,baseline,2,P01-good,P01,good,CWE-89,python,sast,main,BLOCK,1,1,11.875,11.97,238.6,8.355,0.64,1.964,0.102,6,6,3,,CVE-2026-27205;CVE-2026-42198;CVE-2026-54291;directly-returned-format-string;raw-html-format,
1,realistic,0,baseline,3,J01-good,J01,good,CWE-89,java,sast,main,BLOCK,1,1,10.824,11.14,246.7,7.99,0.566,1.354,0.109,6,6,3,,CVE-2026-27205;CVE-2026-42198;CVE-2026-54291;directly-returned-format-string;raw-html-format,
1,realistic,0,adaptive,3,J01-good,J01,good,CWE-89,java,sast,main,PASS,0,0,6.561,6.1,188.6,5.376,0.556,0.0,0.0,0,0,0,,,
1,realistic,0,adaptive,4,P01-bad,P01,bad,CWE-89,python,sast,main,BLOCK,1,1,8.754,8.64,252.2,7.465,0.542,0.0,0.0,2,1,1,,tainted-dbapi,
1,realistic,0,baseline,4,P01-bad,P01,bad,CWE-89,python,sast,main,BLOCK,1,1,11.115,11.04,278.6,8.2,0.518,1.471,0.125,7,7,4,,CVE-2026-27205;CVE-2026-42198;CVE-2026-54291;directly-returned-format-string;raw-html-format;tainted-sql-string,
1,realistic,0,baseline,5,J01-bad,J01,bad,CWE-89,java,sast,main,BLOCK,1,1,10.361,10.5,242.7,7.749,0.518,1.248,0.092,8,8,4,,CVE-2026-27205;CVE-2026-42198;CVE-2026-54291;directly-returned-format-string;formatted-sql-string;raw-html-format;tainted-sql-from-http-request,
1,realistic,0,adaptive,5,J01-bad,J01,bad,CWE-89,java,sast,main,BLOCK,1,1,6.096,5.58,187.8,4.87,0.601,0.0,0.0,3,3,1,,formatted-sql-string;tainted-jdbc;tainted-sql-from-http-request,
1,realistic,10,adaptive,0,S01-bad,S01,bad,CWE-1395,python,sca,main,BLOCK,1,1,12.132,12.53,254.3,6.685,0.676,3.85,0.1,1,1,1,,CVE-2020-14343,
1,realistic,10,baseline,0,S01-bad,S01,bad,CWE-1395,python,sca,main,BLOCK,1,1,10.998,11.91,282.1,8.077,0.553,1.468,0.089,37,37,14,,CVE-2020-14343;CVE-2026-27205;CVE-2026-42198;CVE-2026-54291;directly-returned-format-string;raw-html-format,
1,realistic,10,baseline,1,J01-good,J01,good,CWE-89,java,sast,main,BLOCK,1,1,11.131,13.28,254.1,8.347,0.587,1.301,0.098,36,36,13,,CVE-2026-27205;CVE-2026-42198;CVE-2026-54291;directly-returned-format-string;raw-html-format,
1,realistic,10,adaptive,1,J01-good,J01,good,CWE-89,java,sast,main,PASS,0,0,6.167,5.7,189.0,4.92,0.625,0.0,0.0,0,0,0,,,
1,realistic,10,adaptive,2,P01-bad,P01,bad,CWE-89,python,sast,main,BLOCK,1,1,8.714,8.61,253.1,7.276,0.63,0.0,0.0,2,1,1,,tainted-dbapi,
1,realistic,10,baseline,2,P01-bad,P01,bad,CWE-89,python,sast,main,BLOCK,1,1,11.509,12.55,292.3,8.41,0.527,1.665,0.1,37,37,14,,CVE-2026-27205;CVE-2026-42198;CVE-2026-54291;directly-returned-format-string;raw-html-format;tainted-sql-string,
1,realistic,10,baseline,3,P01-good,P01,good,CWE-89,python,sast,main,BLOCK,1,1,11.143,12.22,258.4,8.053,0.518,1.588,0.126,36,36,13,,CVE-2026-27205;CVE-2026-42198;CVE-2026-54291;directly-returned-format-string;raw-html-format,
1,realistic,10,adaptive,3,P01-good,P01,good,CWE-89,python,sast,main,PASS,0,0,8.922,8.57,253.3,7.521,0.498,0.0,0.0,0,0,0,,,
1,realistic,10,adaptive,4,J01-bad,J01,bad,CWE-89,java,sast,main,BLOCK,1,1,6.375,5.81,188.3,5.091,0.623,0.0,0.0,3,3,1,,formatted-sql-string;tainted-jdbc;tainted-sql-from-http-request,
1,realistic,10,baseline,4,J01-bad,J01,bad,CWE-89,java,sast,main,BLOCK,1,1,11.207,12.31,280.8,8.271,0.531,1.558,0.093,38,38,14,,CVE-2026-27205;CVE-2026-42198;CVE-2026-54291;directly-returned-format-string;formatted-sql-string;raw-html-format;tainted-sql-from-http-request,
1,realistic,10,baseline,5,S03-good,S03,good,CWE-1395,python,sca,main,BLOCK,1,1,11.057,12.59,264.4,8.367,0.526,1.272,0.105,36,36,13,,CVE-2026-27205;CVE-2026-42198;CVE-2026-54291;directly-returned-format-string;raw-html-format,
1,realistic,10,adaptive,5,S03-good,S03,good,CWE-1395,python,sca,main,PASS,0,0,9.528,9.35,254.9,6.702,0.512,1.442,0.096,0,0,0,,,
1,realistic,40,adaptive,0,S03-good,S03,good,CWE-1395,python,sca,main,PASS,0,0,9.642,9.06,256.5,6.629,0.543,1.617,0.079,0,0,0,,,
1,realistic,40,baseline,0,S03-good,S03,good,CWE-1395,python,sca,main,BLOCK,1,1,11.314,15.17,296.5,8.444,0.512,1.45,0.1,126,126,43,,CVE-2026-27205;CVE-2026-42198;CVE-2026-54291;directly-returned-format-string;raw-html-format,
1,realistic,40,baseline,1,J01-good,J01,good,CWE-89,java,sast,main,BLOCK,1,1,11.198,15.27,265.4,8.397,0.545,1.376,0.115,126,126,43,,CVE-2026-27205;CVE-2026-42198;CVE-2026-54291;directly-returned-format-string;raw-html-format,
1,realistic,40,adaptive,1,J01-good,J01,good,CWE-89,java,sast,main,PASS,0,0,5.639,5.12,189.2,4.506,0.515,0.0,0.0,0,0,0,,,
1,realistic,40,adaptive,2,P01-bad,P01,bad,CWE-89,python,sast,main,BLOCK,1,1,7.872,7.71,254.7,6.686,0.504,0.0,0.0,2,1,1,,tainted-dbapi,
1,realistic,40,baseline,2,P01-bad,P01,bad,CWE-89,python,sast,main,BLOCK,1,1,11.451,15.48,268.4,8.399,0.563,1.608,0.104,127,127,44,,CVE-2026-27205;CVE-2026-42198;CVE-2026-54291;directly-returned-format-string;raw-html-format;tainted-sql-string,
1,realistic,40,baseline,3,P01-good,P01,good,CWE-89,python,sast,main,BLOCK,1,1,11.145,15.2,298.1,8.414,0.521,1.369,0.108,126,126,43,,CVE-2026-27205;CVE-2026-42198;CVE-2026-54291;directly-returned-format-string;raw-html-format,
1,realistic,40,adaptive,3,P01-good,P01,good,CWE-89,python,sast,main,PASS,0,0,7.647,7.41,250.5,6.389,0.509,0.0,0.0,0,0,0,,,
1,realistic,40,adaptive,4,J01-bad,J01,bad,CWE-89,java,sast,main,BLOCK,1,1,5.62,5.12,189.3,4.51,0.51,0.0,0.0,3,3,1,,formatted-sql-string;tainted-jdbc;tainted-sql-from-http-request,
1,realistic,40,baseline,4,J01-bad,J01,bad,CWE-89,java,sast,main,BLOCK,1,1,11.485,15.19,272.9,8.498,0.562,1.527,0.105,128,128,44,,CVE-2026-27205;CVE-2026-42198;CVE-2026-54291;directly-returned-format-string;formatted-sql-string;raw-html-format;tainted-sql-from-http-request,
1,realistic,40,baseline,5,S01-bad,S01,bad,CWE-1395,python,sca,main,BLOCK,1,1,11.326,15.06,267.2,8.497,0.531,1.413,0.102,127,127,44,,CVE-2020-14343;CVE-2026-27205;CVE-2026-42198;CVE-2026-54291;directly-returned-format-string;raw-html-format,
1,realistic,40,adaptive,5,S01-bad,S01,bad,CWE-1395,python,sca,main,BLOCK,1,1,9.355,8.92,254.9,6.569,0.501,1.385,0.087,1,1,1,,CVE-2020-14343,
2,realistic,0,baseline,0,P01-bad,P01,bad,CWE-89,python,sast,main,BLOCK,1,1,10.098,10.19,256.1,7.521,0.515,1.223,0.119,7,7,4,,CVE-2026-27205;CVE-2026-42198;CVE-2026-54291;directly-returned-format-string;raw-html-format;tainted-sql-string,
2,realistic,0,adaptive,0,P01-bad,P01,bad,CWE-89,python,sast,main,BLOCK,1,1,7.777,7.59,255.0,6.591,0.508,0.0,0.0,2,1,1,,tainted-dbapi,
2,realistic,0,adaptive,1,J01-good,J01,good,CWE-89,java,sast,main,PASS,0,0,5.615,5.09,186.1,4.494,0.509,0.0,0.0,0,0,0,,,
2,realistic,0,baseline,1,J01-good,J01,good,CWE-89,java,sast,main,BLOCK,1,1,10.251,10.23,238.3,7.51,0.51,1.409,0.092,6,6,3,,CVE-2026-27205;CVE-2026-42198;CVE-2026-54291;directly-returned-format-string;raw-html-format,
2,realistic,0,baseline,2,S03-good,S03,good,CWE-1395,python,sca,main,BLOCK,1,1,10.258,10.35,249.3,7.686,0.522,1.25,0.086,6,6,3,,CVE-2026-27205;CVE-2026-42198;CVE-2026-54291;directly-returned-format-string;raw-html-format,
2,realistic,0,adaptive,2,S03-good,S03,good,CWE-1395,python,sca,main,PASS,0,0,9.002,8.81,255.8,6.464,0.503,1.236,0.085,0,0,0,,,
2,realistic,0,adaptive,3,J01-bad,J01,bad,CWE-89,java,sast,main,BLOCK,1,1,5.638,5.13,189.1,4.541,0.495,0.0,0.0,3,3,1,,formatted-sql-string;tainted-jdbc;tainted-sql-from-http-request,
2,realistic,0,baseline,3,J01-bad,J01,bad,CWE-89,java,sast,main,BLOCK,1,1,10.324,10.55,280.6,7.786,0.509,1.221,0.085,8,8,4,,CVE-2026-27205;CVE-2026-42198;CVE-2026-54291;directly-returned-format-string;formatted-sql-string;raw-html-format;tainted-sql-from-http-request,
2,realistic,0,baseline,4,S01-bad,S01,bad,CWE-1395,python,sca,main,BLOCK,1,1,9.992,9.83,280.3,7.259,0.504,1.393,0.08,7,7,4,,CVE-2020-14343;CVE-2026-27205;CVE-2026-42198;CVE-2026-54291;directly-returned-format-string;raw-html-format,
2,realistic,0,adaptive,4,S01-bad,S01,bad,CWE-1395,python,sca,main,BLOCK,1,1,9.264,9.1,239.6,6.563,0.514,1.327,0.086,1,1,1,,CVE-2020-14343,
2,realistic,0,adaptive,5,P01-good,P01,good,CWE-89,python,sast,main,PASS,0,0,7.953,7.81,251.7,6.754,0.514,0.0,0.0,0,0,0,,,
2,realistic,0,baseline,5,P01-good,P01,good,CWE-89,python,sast,main,BLOCK,1,1,10.157,10.24,278.9,7.624,0.5,1.234,0.086,6,6,3,,CVE-2026-27205;CVE-2026-42198;CVE-2026-54291;directly-returned-format-string;raw-html-format,
2,realistic,10,baseline,0,S03-good,S03,good,CWE-1395,python,sca,main,BLOCK,1,1,10.489,11.51,291.5,7.767,0.505,1.407,0.091,36,36,13,,CVE-2026-27205;CVE-2026-42198;CVE-2026-54291;directly-returned-format-string;raw-html-format,
2,realistic,10,adaptive,0,S03-good,S03,good,CWE-1395,python,sca,main,PASS,0,0,9.166,9.0,255.1,6.622,0.503,1.204,0.084,0,0,0,,,
2,realistic,10,adaptive,1,S01-bad,S01,bad,CWE-1395,python,sca,main,BLOCK,1,1,10.084,9.83,213.7,7.221,0.552,1.326,0.099,1,1,1,,CVE-2020-14343,
2,realistic,10,baseline,1,S01-bad,S01,bad,CWE-1395,python,sca,main,BLOCK,1,1,11.256,12.42,252.2,8.372,0.519,1.465,0.114,37,37,14,,CVE-2020-14343;CVE-2026-27205;CVE-2026-42198;CVE-2026-54291;directly-returned-format-string;raw-html-format,
2,realistic,10,baseline,2,P01-good,P01,good,CWE-89,python,sast,main,BLOCK,1,1,10.535,11.81,279.8,7.9,0.55,1.252,0.097,36,36,13,,CVE-2026-27205;CVE-2026-42198;CVE-2026-54291;directly-returned-format-string;raw-html-format,
2,realistic,10,adaptive,2,P01-good,P01,good,CWE-89,python,sast,main,PASS,0,0,7.764,7.5,251.4,6.513,0.501,0.0,0.0,0,0,0,,,
2,realistic,10,adaptive,3,J01-bad,J01,bad,CWE-89,java,sast,main,BLOCK,1,1,5.862,5.22,188.5,4.644,0.5,0.0,0.0,3,3,1,,formatted-sql-string;tainted-jdbc;tainted-sql-from-http-request,
2,realistic,10,baseline,3,J01-bad,J01,bad,CWE-89,java,sast,main,BLOCK,1,1,10.62,11.55,291.9,7.762,0.503,1.503,0.096,38,38,14,,CVE-2026-27205;CVE-2026-42198;CVE-2026-54291;directly-returned-format-string;formatted-sql-string;raw-html-format;tainted-sql-from-http-request,
2,realistic,10,baseline,4,P01-bad,P01,bad,CWE-89,python,sast,main,BLOCK,1,1,10.673,11.61,293.0,7.872,0.555,1.379,0.088,37,37,14,,CVE-2026-27205;CVE-2026-42198;CVE-2026-54291;directly-returned-format-string;raw-html-format;tainted-sql-string,
2,realistic,10,adaptive,4,P01-bad,P01,bad,CWE-89,python,sast,main,BLOCK,1,1,7.893,7.69,252.3,6.717,0.487,0.0,0.0,2,1,1,,tainted-dbapi,
2,realistic,10,adaptive,5,J01-good,J01,good,CWE-89,java,sast,main,PASS,0,0,5.795,5.27,187.3,4.671,0.492,0.0,0.0,0,0,0,,,
2,realistic,10,baseline,5,J01-good,J01,good,CWE-89,java,sast,main,BLOCK,1,1,11.499,12.51,252.8,8.375,0.546,1.515,0.169,36,36,13,,CVE-2026-27205;CVE-2026-42198;CVE-2026-54291;directly-returned-format-string;raw-html-format,
2,realistic,40,baseline,0,P01-bad,P01,bad,CWE-89,python,sast,main,BLOCK,1,1,12.056,16.18,263.2,8.992,0.548,1.564,0.109,127,127,44,,CVE-2026-27205;CVE-2026-42198;CVE-2026-54291;directly-returned-format-string;raw-html-format;tainted-sql-string,
2,realistic,40,adaptive,0,P01-bad,P01,bad,CWE-89,python,sast,main,BLOCK,1,1,8.058,7.83,251.5,6.795,0.512,0.0,0.0,2,1,1,,tainted-dbapi,
2,realistic,40,adaptive,1,J01-good,J01,good,CWE-89,java,sast,main,PASS,0,0,5.78,5.33,189.3,4.591,0.542,0.0,0.0,0,0,0,,,
2,realistic,40,baseline,1,J01-good,J01,good,CWE-89,java,sast,main,BLOCK,1,1,12.601,16.96,297.5,9.356,0.731,1.551,0.139,126,126,43,,CVE-2026-27205;CVE-2026-42198;CVE-2026-54291;directly-returned-format-string;raw-html-format,
2,realistic,40,baseline,2,P01-good,P01,good,CWE-89,python,sast,main,BLOCK,1,1,11.522,15.88,265.6,8.726,0.534,1.373,0.108,126,126,43,,CVE-2026-27205;CVE-2026-42198;CVE-2026-54291;directly-returned-format-string;raw-html-format,
2,realistic,40,adaptive,2,P01-good,P01,good,CWE-89,python,sast,main,PASS,0,0,7.868,7.62,253.5,6.628,0.519,0.0,0.0,0,0,0,,,
2,realistic,40,adaptive,3,S03-good,S03,good,CWE-1395,python,sca,main,PASS,0,0,10.034,9.69,257.0,6.965,0.57,1.58,0.086,0,0,0,,,
2,realistic,40,baseline,3,S03-good,S03,good,CWE-1395,python,sca,main,BLOCK,1,1,11.673,15.65,297.1,8.682,0.542,1.521,0.111,126,126,43,,CVE-2026-27205;CVE-2026-42198;CVE-2026-54291;directly-returned-format-string;raw-html-format,
2,realistic,40,baseline,4,J01-bad,J01,bad,CWE-89,java,sast,main,BLOCK,1,1,11.742,15.99,264.2,8.788,0.551,1.38,0.122,128,128,44,,CVE-2026-27205;CVE-2026-42198;CVE-2026-54291;directly-returned-format-string;formatted-sql-string;raw-html-format;tainted-sql-from-http-request,
2,realistic,40,adaptive,4,J01-bad,J01,bad,CWE-89,java,sast,main,BLOCK,1,1,6.092,5.55,188.0,4.868,0.529,0.0,0.0,3,3,1,,formatted-sql-string;tainted-jdbc;tainted-sql-from-http-request,
2,realistic,40,adaptive,5,S01-bad,S01,bad,CWE-1395,python,sca,main,BLOCK,1,1,9.835,9.58,256.1,6.903,0.557,1.465,0.087,1,1,1,,CVE-2020-14343,
2,realistic,40,baseline,5,S01-bad,S01,bad,CWE-1395,python,sca,main,BLOCK,1,1,12.293,17.14,280.8,9.272,0.625,1.51,0.104,127,127,44,,CVE-2020-14343;CVE-2026-27205;CVE-2026-42198;CVE-2026-54291;directly-returned-format-string;raw-html-format,
3,realistic,0,adaptive,0,S03-good,S03,good,CWE-1395,python,sca,main,PASS,0,0,9.491,9.21,256.0,6.667,0.5,1.455,0.085,0,0,0,,,
3,realistic,0,baseline,0,S03-good,S03,good,CWE-1395,python,sca,main,BLOCK,1,1,10.767,10.82,277.8,8.006,0.554,1.328,0.085,6,6,3,,CVE-2026-27205;CVE-2026-42198;CVE-2026-54291;directly-returned-format-string;raw-html-format,
3,realistic,0,baseline,1,J01-bad,J01,bad,CWE-89,java,sast,main,BLOCK,1,1,10.98,11.14,246.3,8.3,0.532,1.298,0.091,8,8,4,,CVE-2026-27205;CVE-2026-42198;CVE-2026-54291;directly-returned-format-string;formatted-sql-string;raw-html-format;tainted-sql-from-http-request,
3,realistic,0,adaptive,1,J01-bad,J01,bad,CWE-89,java,sast,main,BLOCK,1,1,5.995,5.4,186.5,4.804,0.491,0.0,0.0,3,3,1,,formatted-sql-string;tainted-jdbc;tainted-sql-from-http-request,
3,realistic,0,adaptive,2,J01-good,J01,good,CWE-89,java,sast,main,PASS,0,0,6.056,5.5,188.8,4.714,0.673,0.0,0.0,0,0,0,,,
3,realistic,0,baseline,2,J01-good,J01,good,CWE-89,java,sast,main,BLOCK,1,1,11.835,11.88,275.1,8.124,0.577,2.004,0.162,6,6,3,,CVE-2026-27205;CVE-2026-42198;CVE-2026-54291;directly-returned-format-string;raw-html-format,
3,realistic,0,baseline,3,S01-bad,S01,bad,CWE-1395,python,sca,main,BLOCK,1,1,11.962,11.94,280.7,9.162,0.529,1.256,0.094,7,7,4,,CVE-2020-14343;CVE-2026-27205;CVE-2026-42198;CVE-2026-54291;directly-returned-format-string;raw-html-format,
3,realistic,0,adaptive,3,S01-bad,S01,bad,CWE-1395,python,sca,main,BLOCK,1,1,9.754,9.63,256.7,6.832,0.601,1.377,0.163,1,1,1,,CVE-2020-14343,
3,realistic,0,adaptive,4,P01-good,P01,good,CWE-89,python,sast,main,PASS,0,0,8.502,8.35,251.1,7.239,0.534,0.0,0.0,0,0,0,,,
3,realistic,0,baseline,4,P01-good,P01,good,CWE-89,python,sast,main,BLOCK,1,1,10.805,10.71,260.1,7.742,0.615,1.515,0.102,6,6,3,,CVE-2026-27205;CVE-2026-42198;CVE-2026-54291;directly-returned-format-string;raw-html-format,
3,realistic,0,baseline,5,P01-bad,P01,bad,CWE-89,python,sast,main,BLOCK,1,1,12.634,12.46,238.1,9.489,0.553,1.271,0.163,7,7,4,,CVE-2026-27205;CVE-2026-42198;CVE-2026-54291;directly-returned-format-string;raw-html-format;tainted-sql-string,
3,realistic,0,adaptive,5,P01-bad,P01,bad,CWE-89,python,sast,main,BLOCK,1,1,8.077,7.88,253.0,6.838,0.544,0.0,0.0,2,1,1,,tainted-dbapi,
3,realistic,10,adaptive,0,S01-bad,S01,bad,CWE-1395,python,sca,main,BLOCK,1,1,9.568,9.39,257.3,6.871,0.51,1.303,0.089,1,1,1,,CVE-2020-14343,
3,realistic,10,baseline,0,S01-bad,S01,bad,CWE-1395,python,sca,main,BLOCK,1,1,12.331,13.75,280.3,8.752,0.703,1.584,0.155,37,37,14,,CVE-2020-14343;CVE-2026-27205;CVE-2026-42198;CVE-2026-54291;directly-returned-format-string;raw-html-format,
3,realistic,10,baseline,1,J01-good,J01,good,CWE-89,java,sast,main,BLOCK,1,1,10.905,11.89,253.9,8.042,0.528,1.493,0.096,36,36,13,,CVE-2026-27205;CVE-2026-42198;CVE-2026-54291;directly-returned-format-string;raw-html-format,
3,realistic,10,adaptive,1,J01-good,J01,good,CWE-89,java,sast,main,PASS,0,0,6.014,5.54,187.9,4.806,0.533,0.0,0.0,0,0,0,,,
3,realistic,10,adaptive,2,P01-good,P01,good,CWE-89,python,sast,main,PASS,0,0,8.074,7.82,252.6,6.826,0.509,0.0,0.0,0,0,0,,,
3,realistic,10,baseline,2,P01-good,P01,good,CWE-89,python,sast,main,BLOCK,1,1,12.89,14.33,293.2,9.501,0.572,1.775,0.131,36,36,13,,CVE-2026-27205;CVE-2026-42198;CVE-2026-54291;directly-returned-format-string;raw-html-format,
3,realistic,10,baseline,3,J01-bad,J01,bad,CWE-89,java,sast,main,BLOCK,1,1,11.037,12.49,253.5,8.135,0.569,1.471,0.086,38,38,14,,CVE-2026-27205;CVE-2026-42198;CVE-2026-54291;directly-returned-format-string;formatted-sql-string;raw-html-format;tainted-sql-from-http-request,
3,realistic,10,adaptive,3,J01-bad,J01,bad,CWE-89,java,sast,main,BLOCK,1,1,5.964,5.41,188.5,4.814,0.489,0.0,0.0,3,3,1,,formatted-sql-string;tainted-jdbc;tainted-sql-from-http-request,
3,realistic,10,adaptive,4,S03-good,S03,good,CWE-1395,python,sca,main,PASS,0,0,10.292,10.05,254.9,7.546,0.501,1.254,0.086,0,0,0,,,
3,realistic,10,baseline,4,S03-good,S03,good,CWE-1395,python,sca,main,BLOCK,1,1,11.471,13.38,253.8,8.644,0.612,1.316,0.105,36,36,13,,CVE-2026-27205;CVE-2026-42198;CVE-2026-54291;directly-returned-format-string;raw-html-format,
3,realistic,10,baseline,5,P01-bad,P01,bad,CWE-89,python,sast,main,BLOCK,1,1,12.626,13.95,253.6,9.646,0.542,1.576,0.098,37,37,14,,CVE-2026-27205;CVE-2026-42198;CVE-2026-54291;directly-returned-format-string;raw-html-format;tainted-sql-string,
3,realistic,10,adaptive,5,P01-bad,P01,bad,CWE-89,python,sast,main,BLOCK,1,1,8.237,8.01,247.7,6.961,0.504,0.0,0.0,2,1,1,,tainted-dbapi,
3,realistic,40,adaptive,0,P01-good,P01,good,CWE-89,python,sast,main,PASS,0,0,8.383,8.19,251.7,7.132,0.513,0.0,0.0,0,0,0,,,
3,realistic,40,baseline,0,P01-good,P01,good,CWE-89,python,sast,main,BLOCK,1,1,14.188,20.62,257.7,10.432,0.967,1.772,0.121,126,126,43,,CVE-2026-27205;CVE-2026-42198;CVE-2026-54291;directly-returned-format-string;raw-html-format,
3,realistic,40,baseline,1,J01-good,J01,good,CWE-89,java,sast,main,BLOCK,1,1,11.743,15.54,265.9,8.856,0.555,1.347,0.15,126,126,43,,CVE-2026-27205;CVE-2026-42198;CVE-2026-54291;directly-returned-format-string;raw-html-format,
3,realistic,40,adaptive,1,J01-good,J01,good,CWE-89,java,sast,main,PASS,0,0,6.216,5.56,188.6,4.958,0.504,0.0,0.0,0,0,0,,,
3,realistic,40,adaptive,2,S01-bad,S01,bad,CWE-1395,python,sca,main,BLOCK,1,1,10.719,10.58,253.8,7.043,0.759,1.86,0.134,1,1,1,,CVE-2020-14343,
3,realistic,40,baseline,2,S01-bad,S01,bad,CWE-1395,python,sca,main,BLOCK,1,1,11.855,15.68,270.3,8.895,0.615,1.386,0.111,127,127,44,,CVE-2020-14343;CVE-2026-27205;CVE-2026-42198;CVE-2026-54291;directly-returned-format-string;raw-html-format,
3,realistic,40,baseline,3,P01-bad,P01,bad,CWE-89,python,sast,main,BLOCK,1,1,12.209,16.4,296.1,9.234,0.592,1.445,0.115,127,127,44,,CVE-2026-27205;CVE-2026-42198;CVE-2026-54291;directly-returned-format-string;raw-html-format;tainted-sql-string,
3,realistic,40,adaptive,3,P01-bad,P01,bad,CWE-89,python,sast,main,BLOCK,1,1,8.417,8.15,251.2,7.076,0.527,0.0,0.0,2,1,1,,tainted-dbapi,
3,realistic,40,adaptive,4,S03-good,S03,good,CWE-1395,python,sca,main,PASS,0,0,10.044,9.71,256.1,6.994,0.594,1.518,0.113,0,0,0,,,
3,realistic,40,baseline,4,S03-good,S03,good,CWE-1395,python,sca,main,BLOCK,1,1,12.037,16.01,282.0,9.002,0.599,1.514,0.122,126,126,43,,CVE-2026-27205;CVE-2026-42198;CVE-2026-54291;directly-returned-format-string;raw-html-format,
3,realistic,40,baseline,5,J01-bad,J01,bad,CWE-89,java,sast,main,BLOCK,1,1,12.494,16.51,278.3,9.196,0.594,1.677,0.141,128,128,44,,CVE-2026-27205;CVE-2026-42198;CVE-2026-54291;directly-returned-format-string;formatted-sql-string;raw-html-format;tainted-sql-from-http-request,
3,realistic,40,adaptive,5,J01-bad,J01,bad,CWE-89,java,sast,main,BLOCK,1,1,5.799,5.22,188.5,4.598,0.52,0.0,0.0,3,3,1,,formatted-sql-string;tainted-jdbc;tainted-sql-from-http-request,
