case_id,pair,label,cwe,lang,kind,split,origin,path
C01-bad,C01,bad,CWE-78,c,sast,cpp112,SARD#112:CWE78_OS_Command_Injection/s02/CWE78_OS_Command_Injection__char_environment_system_01.c,sard112_cpp/bad/CWE78_OS_Command_Injection__char_environment_system_01_bad.c
C01-good,C01,good,CWE-78,c,sast,cpp112,SARD#112:CWE78_OS_Command_Injection/s02/CWE78_OS_Command_Injection__char_environment_system_01.c,sard112_cpp/good/CWE78_OS_Command_Injection__char_environment_system_01_good.c
C02-bad,C02,bad,CWE-78,c,sast,cpp112,SARD#112:CWE78_OS_Command_Injection/s02/CWE78_OS_Command_Injection__char_console_popen_01.c,sard112_cpp/bad/CWE78_OS_Command_Injection__char_console_popen_01_bad.c
C02-good,C02,good,CWE-78,c,sast,cpp112,SARD#112:CWE78_OS_Command_Injection/s02/CWE78_OS_Command_Injection__char_console_popen_01.c,sard112_cpp/good/CWE78_OS_Command_Injection__char_console_popen_01_good.c
C03-bad,C03,bad,CWE-78,c,sast,cpp112,SARD#112:CWE78_OS_Command_Injection/s01/CWE78_OS_Command_Injection__char_connect_socket_system_01.c,sard112_cpp/bad/CWE78_OS_Command_Injection__char_connect_socket_system_01_bad.c
C03-good,C03,good,CWE-78,c,sast,cpp112,SARD#112:CWE78_OS_Command_Injection/s01/CWE78_OS_Command_Injection__char_connect_socket_system_01.c,sard112_cpp/good/CWE78_OS_Command_Injection__char_connect_socket_system_01_good.c
C04-bad,C04,bad,CWE-78,c,sast,cpp112,SARD#112:CWE78_OS_Command_Injection/s02/CWE78_OS_Command_Injection__char_environment_execl_01.c,sard112_cpp/bad/CWE78_OS_Command_Injection__char_environment_execl_01_bad.c
C04-good,C04,good,CWE-78,c,sast,cpp112,SARD#112:CWE78_OS_Command_Injection/s02/CWE78_OS_Command_Injection__char_environment_execl_01.c,sard112_cpp/good/CWE78_OS_Command_Injection__char_environment_execl_01_good.c
C05-bad,C05,bad,CWE-22,c,sast,cpp112,SARD#112:CWE23_Relative_Path_Traversal/s01/CWE23_Relative_Path_Traversal__char_environment_fopen_01.cpp,sard112_cpp/bad/CWE23_Relative_Path_Traversal__char_environment_fopen_01_bad.cpp
C05-good,C05,good,CWE-22,c,sast,cpp112,SARD#112:CWE23_Relative_Path_Traversal/s01/CWE23_Relative_Path_Traversal__char_environment_fopen_01.cpp,sard112_cpp/good/CWE23_Relative_Path_Traversal__char_environment_fopen_01_good.cpp
C06-bad,C06,bad,CWE-22,c,sast,cpp112,SARD#112:CWE23_Relative_Path_Traversal/s01/CWE23_Relative_Path_Traversal__char_console_open_01.cpp,sard112_cpp/bad/CWE23_Relative_Path_Traversal__char_console_open_01_bad.cpp
C06-good,C06,good,CWE-22,c,sast,cpp112,SARD#112:CWE23_Relative_Path_Traversal/s01/CWE23_Relative_Path_Traversal__char_console_open_01.cpp,sard112_cpp/good/CWE23_Relative_Path_Traversal__char_console_open_01_good.cpp
C07-bad,C07,bad,CWE-22,c,sast,cpp112,SARD#112:CWE23_Relative_Path_Traversal/s01/CWE23_Relative_Path_Traversal__char_connect_socket_fopen_01.cpp,sard112_cpp/bad/CWE23_Relative_Path_Traversal__char_connect_socket_fopen_01_bad.cpp
C07-good,C07,good,CWE-22,c,sast,cpp112,SARD#112:CWE23_Relative_Path_Traversal/s01/CWE23_Relative_Path_Traversal__char_connect_socket_fopen_01.cpp,sard112_cpp/good/CWE23_Relative_Path_Traversal__char_connect_socket_fopen_01_good.cpp
C08-bad,C08,bad,CWE-22,c,sast,cpp112,SARD#112:CWE36_Absolute_Path_Traversal/s02/CWE36_Absolute_Path_Traversal__char_file_open_01.cpp,sard112_cpp/bad/CWE36_Absolute_Path_Traversal__char_file_open_01_bad.cpp
C08-good,C08,good,CWE-22,c,sast,cpp112,SARD#112:CWE36_Absolute_Path_Traversal/s02/CWE36_Absolute_Path_Traversal__char_file_open_01.cpp,sard112_cpp/good/CWE36_Absolute_Path_Traversal__char_file_open_01_good.cpp
C09-bad,C09,bad,CWE-798,c,sast,cpp112,SARD#112:CWE259_Hard_Coded_Password/CWE259_Hard_Coded_Password__w32_char_01.c,sard112_cpp/bad/CWE259_Hard_Coded_Password__w32_char_01_bad.c
C09-good,C09,good,CWE-798,c,sast,cpp112,SARD#112:CWE259_Hard_Coded_Password/CWE259_Hard_Coded_Password__w32_char_01.c,sard112_cpp/good/CWE259_Hard_Coded_Password__w32_char_01_good.c
C10-bad,C10,bad,CWE-798,c,sast,cpp112,SARD#112:CWE259_Hard_Coded_Password/CWE259_Hard_Coded_Password__w32_wchar_t_01.c,sard112_cpp/bad/CWE259_Hard_Coded_Password__w32_wchar_t_01_bad.c
C10-good,C10,good,CWE-798,c,sast,cpp112,SARD#112:CWE259_Hard_Coded_Password/CWE259_Hard_Coded_Password__w32_wchar_t_01.c,sard112_cpp/good/CWE259_Hard_Coded_Password__w32_wchar_t_01_good.c
C11-bad,C11,bad,CWE-798,c,sast,cpp112,SARD#112:CWE321_Hard_Coded_Cryptographic_Key/CWE321_Hard_Coded_Cryptographic_Key__w32_char_01.c,sard112_cpp/bad/CWE321_Hard_Coded_Cryptographic_Key__w32_char_01_bad.c
C11-good,C11,good,CWE-798,c,sast,cpp112,SARD#112:CWE321_Hard_Coded_Cryptographic_Key/CWE321_Hard_Coded_Cryptographic_Key__w32_char_01.c,sard112_cpp/good/CWE321_Hard_Coded_Cryptographic_Key__w32_char_01_good.c
C12-bad,C12,bad,CWE-798,c,sast,cpp112,SARD#112:CWE321_Hard_Coded_Cryptographic_Key/CWE321_Hard_Coded_Cryptographic_Key__w32_wchar_t_01.c,sard112_cpp/bad/CWE321_Hard_Coded_Cryptographic_Key__w32_wchar_t_01_bad.c
C12-good,C12,good,CWE-798,c,sast,cpp112,SARD#112:CWE321_Hard_Coded_Cryptographic_Key/CWE321_Hard_Coded_Cryptographic_Key__w32_wchar_t_01.c,sard112_cpp/good/CWE321_Hard_Coded_Cryptographic_Key__w32_wchar_t_01_good.c
